Network,Average Daily TAM (Millions USD)
arbitrum,11.15209199539822
base,10.37452633044141
mainnet,10.309591315570282
optimism,0.22201651146486304
